Question,Topics,Topic_Label
"﻿I don’t know what to do with my life, what advice do you have for me?",0,happiness
What is your process for making major life decisions?,0,happiness
Do I have a moral obligation to take full responsibility for my own happiness instead of blaming circumstances?,0,happiness
Is it wrong to rely on others to fix my problems rather than handling them myself?,0,happiness
"According to religious teachings, am I accountable for every small daily choice I make?",6,control
Should I feel morally responsible for not using the talents or opportunities God (or my faith) gave me?,6,control
Is it ethical to avoid personal growth because “that’s just how I am”?,0,happiness
Do I have a duty to set a good example for my friends and family through responsible living?,4,community
Is blaming external factors (like society or family) a form of moral cowardice?,6,control
What does my religion say about free will and personal responsibility for sin or mistakes?,6,control
Should I feel guilty if I keep making the same poor choices without trying to change?,1,forgive
"Is there a moral or religious imperative to be responsible with my time, money, and health?",0,happiness
How do I know what God (or my purpose) wants me to do with my life?,0,happiness
Am I morally responsible if I choose a career just for money instead of meaning?,0,happiness
Should I follow my passion even if it’s unstable or risky?,0,happiness
Is it wrong to ignore my talents if I don’t enjoy using them?,0,happiness
"Do I have a duty to make a difference in the world, or is living quietly okay?",0,happiness
How much should I rely on faith versus logic in big decisions?,18,faith
Is it selfish to prioritize my own goals over helping others?,0,happiness
Should I stay in a stable path or take risks to grow?,0,happiness
Am I accountable for missed opportunities?,1,forgive
How do I know if I’m making the “right” decision morally?,0,happiness
To what extent am I responsible for the happiness of my parents as they age?,17,family
"If I make a mistake that no one else notices, is it necessary to confess it if it doesn't hurt anyone?",5,lie
Is it my responsibility to correct a cashier who gave me too much change back?,1,forgive
How much of my success do I owe to my own hard work versus the help of others?,0,happiness
Should I feel obligated to help a friend who constantly makes poor life choices?,23,friend
How much should I sacrifice now for future goals?,0,happiness
"Should I donate my organs, or is there a moral reason to keep the body intact after death?",2,afterlife
How much of my own time and energy is it morally okay to give away before it harms me?,30,mental
Is it selfish or morally right to set firm boundaries with family who constantly ask for help?,0,happiness
Does my religion require me to sacrifice my boundaries for the sake of others?,6,control
Should I feel guilty for saying “no” to requests that drain me emotionally?,1,forgive
Is it wrong to protect my personal space even if it disappoints people I love?,13,privacy
"Do religious teachings support having boundaries, or do they emphasize endless giving?",6,control
How do I balance generosity with self-preservation without becoming selfish?,0,happiness
Is it morally acceptable to distance myself from people who disrespect my limits?,4,community
Should I sacrifice my future goals now to help someone in immediate need?,0,happiness
Is there a religious reason to keep my body or personal decisions completely private?,6,control
Is it okay to say no to helping a friend move if I'm already overwhelmed with my own responsibilities?,23,friend
Should I cut contact with a family member who constantly disrespects my time and energy?,25,contact
Is it selfish to prioritize my mental health over attending every family gathering?,30,mental
When is it appropriate to set limits with a coworker who frequently asks for personal favors?,29,preferences
Should I feel guilty for not wanting to lend money to a relative who has a history of not paying it back?,0,happiness
"Is it wrong to block someone on social media who makes me feel bad about myself, even if they're family?",25,contact
How do I balance being supportive of a friend in crisis while protecting my own emotional well-being?,23,friend
"Should I confront a neighbor whose behavior is disruptive, or just try to avoid conflict?",22,integrity
"Is it acceptable to decline invitations to events that drain me, even if it disappoints others?",5,lie
When does setting a boundary cross into being isolating or unkind?,6,control
"Should I feel guilty for saying ""no"" to extra volunteer work when I’m already feeling burnt out?",0,happiness
Is it okay to keep secrets from my partner if I believe the truth would cause unnecessary pain?,5,lie
How much of my personal life should I be required to share with my employer?,17,family
Is it wrong to set strict digital boundaries and not respond to friends’ texts after 8:00 PM?,13,privacy
"Can I morally justify ""ghosting"" someone if I feel the relationship is becoming toxic?",3,relationship
"How do I balance being a ""good neighbor"" with my need for total privacy and solitude?",4,community
Is it okay to tell a friend I can no longer listen to their venting about the same issue?,5,lie
Should I intervene in a stranger's parenting if I see them being overly harsh in public?,25,contact
Is it wrong to demand that my in-laws follow my specific rules when they are babysitting my children?,31,parents
"Is it wrong to cut off a friendship that is emotionally draining, even if that person has no one else?",23,friend
How do I know when setting a boundary is self-care versus just being avoidant of responsibility?,19,self
"Is it morally okay to take a personal day from work when I'm mentally exhausted, even if it inconveniences colleagues?",0,happiness
"Should I tell someone they've crossed a line, or is it better to just quietly distance myself?",5,lie
"Is it acceptable to limit contact with a toxic family member, even during holidays and important events?",25,contact
Can I pursue personal goals like going back to school when my family depends heavily on my time and income?,17,family
Is it wrong to stop helping a friend with their problems when they never seem to take my advice or change?,23,friend
How do I balance self-improvement goals with my current responsibilities without feeling like I'm neglecting others?,19,self
Is there a moral obligation to take care of your own health?,2,afterlife
Is it wrong to indulge in things I know are bad for me?,10,use
Is neglecting my mental or physical health a form of self-disrespect according to my faith?,6,control
Should I feel guilty for taking time for self-care instead of helping others?,0,happiness
"Does religion teach that I must constantly improve myself, or is rest also holy?",6,control
Is there a moral duty to invest in my education or skills even if it costs me now?,0,happiness
Should I prioritize my own growth over keeping everyone else happy?,0,happiness
Is it wrong to spend money on therapy or self-help if my family needs it more?,0,happiness
Does my faith require me to care for my body as a temple or gift from God?,6,control
Is taking time for myself selfish?,0,happiness
Should I feel guilty for resting instead of being productive?,0,happiness
Is it morally wrong to neglect my physical or mental health?,30,mental
Is cosmetic surgery self-expression or rejecting how I was created?,19,self
"Should I accept myself as I am, or always strive to improve?",19,self
Is it wrong to compare myself to others?,4,community
Does religion require me to constantly better myself?,6,control
Is it sinful to enjoy comfort and ease?,0,happiness
Is it morally okay to spend money on self-care (like therapy or a vacation) when I could donate it to charity?,0,happiness
Should I feel bad for taking time away from my family to focus on my personal growth?,17,family
Is it selfish to pursue a career change that fulfills me but might reduce my income?,0,happiness
When does focusing on self-improvement become self-absorbed?,19,self
Should I prioritize my own happiness if it means disappointing people who depend on me?,0,happiness
"Is it wrong to take a break from volunteering to recharge, even if others are counting on me?",0,happiness
How do I know if I'm investing in myself or just avoiding responsibilities?,19,self
Should I feel guilty for wanting alone time when my partner or kids need attention?,1,forgive
Is it acceptable to say no to extra commitments to protect my time for rest and reflection?,0,happiness
When does self-care become an excuse for neglecting my duties to others?,19,self
Is spending money on luxury self-care items ethical when I could give that money to charity?,0,happiness
"Is it ""vanity"" or ""self-improvement"" to undergo cosmetic surgery to feel better about myself?",19,self
"Am I being lazy, or is ""doing nothing"" a valid form of moral rest?",0,happiness
Is it wrong to pursue a hobby that takes significant time away from my family duties?,17,family
To what degree should I prioritize my mental health over my professional commitments?,30,mental
Is it selfish to spend my weekend alone when my friends are asking for my company?,0,happiness
Should I feel guilty for wanting more out of life than what my parents had?,17,family
"Is it a moral failing to not live up to my full ""potential""?",0,happiness
Can I justify buying a more expensive organic diet for myself while others are hungry?,11,gambling
"Is it okay to distance myself from ""unsuccessful"" friends because they influence my mindset negatively?",23,friend
"Is it wrong to indulge in small pleasures (like junk food or scrolling social media) when I'm stressed, even if I know it's not healthy?",0,happiness
Should I feel ashamed for struggling to control my temper with my kids after a long day?,1,forgive
Is it morally problematic to procrastinate on important tasks if it doesn't directly hurt anyone else?,0,happiness
When does a habit cross the line from harmless to a lack of self-discipline that affects others?,10,use
Should I be held accountable for impulsive decisions made when I'm emotionally overwhelmed?,1,forgive
Is it fair to judge someone for lacking self-control when I struggle with it too?,6,control
How do I balance being kind to myself about my flaws while still working to improve?,19,self
Should I apologize for snapping at someone if I was just having a bad day?,1,forgive
Is it wrong to use distractions (like TV or shopping) to cope with difficult emotions?,0,happiness
When does giving myself grace become making excuses for poor behavior?,1,forgive
"At what point does a ""social"" habit (like drinking or gaming) become a moral issue?",10,use
Is it a lack of character if I can’t stick to a diet or exercise routine?,10,use
Am I morally responsible for my actions if I am under the influence of a substance?,10,use
"Is it wrong to hide a ""guilty pleasure"" habit from my spouse?",1,forgive
"How much should I judge myself for having ""bad thoughts"" if I never act on them?",1,forgive
"Is an addiction a ""sickness"" that deserves pity or a ""choice"" that deserves accountability?",8,addiction
Is it ethical to support industries (like gambling or alcohol) that I know harm others?,11,gambling
Should I feel guilty for spending hours on social media instead of being productive?,0,happiness
"Is it wrong to use prescription medication to manage my mood instead of ""working through it""?",10,use
Is it wrong to indulge in things I know are bad for me?”,10,use
Is recreational drug use wrong if it only affects you?,10,use
"Is gambling inherently unethical, or only when taken to excess?",11,gambling
Is recreational drug use a victimless moral choice or a violation of self-respect?,10,use
"Does excessive drinking become a moral failing, or is it purely a health issue?",10,use
Is it wrong to watch pornography?,27,technology
Is lacking self-control in small daily habits (like scrolling or snacking) a moral failing?,10,use
Does religion view self-control as a virtue I must practice in every area of life?,6,control
Should I feel guilty for not having discipline over my impulses?,1,forgive
Is it wrong to give in to temptations that only affect me?,10,use
How much self-control is morally required before it becomes unhealthy perfectionism?,6,control
Does my faith teach that self-control is a sign of spiritual maturity?,6,control
Is it okay to relax self-control on weekends or special occasions?,0,happiness
Should I judge myself morally for failing at self-control even after trying hard?,6,control
"Is self-control only important for big sins, or does it apply to everyday choices?",6,control
"Does religion say self-control makes me a better person, or is grace enough?",6,control
When does a habit become a moral issue instead of just a personal one?,10,use
Is overeating or lack of discipline a moral failure?,10,use
Should I feel guilty for procrastinating?,0,happiness
"Is addiction a sin, a disease, or both?",8,addiction
Does self-control reflect spiritual strength?,6,control
How much discipline is morally expected of me?,10,use
"Is it my responsibility to help a loved one with an addiction, even if it enables their behavior?",8,addiction
Should someone with a gambling problem be allowed to manage family finances?,11,gambling
Is it wrong to distance myself from a friend whose addiction is negatively affecting my life?,8,addiction
When does supporting someone with an addiction become enabling harmful behavior?,8,addiction
Should a person in recovery be judged for past mistakes made while struggling with addiction?,8,addiction
Is it morally acceptable to use substances to cope with stress if it doesn't harm others?,10,use
How do I balance compassion for someone with an addiction while protecting my own well-being?,8,addiction
Should employers be required to accommodate employees struggling with addiction?,8,addiction
When does concern for a loved one's addiction justify intervening in their personal choices?,8,addiction
Is it wrong to keep drinking socially when I know it's becoming harder to stop at just one or two?,10,use
"Should I tell my family about my struggle with addiction, or is it my personal business to handle on my own?",8,addiction
Is it morally irresponsible to continue gambling when it hasn't yet seriously impacted my finances?,11,gambling
Can I be a good parent while privately battling a substance addiction that my children don't know about?,8,addiction
Is it fair to ask my partner to stop drinking at home because it triggers my own addiction struggle?,8,addiction
"Should I feel ashamed of relapsing after months of sobriety, or is relapse just a part of recovery?",8,addiction
Is it okay to use substances recreationally if I believe I'm in control and it doesn't affect my work?,10,use
Do I have an obligation to warn friends about addictive behaviors I've noticed they may be developing?,8,addiction
Is it wrong to hide my addiction from a potential employer who asks about health conditions during hiring?,8,addiction
Is it always wrong to cut corners even when no one will notice?,5,lie
"Does religion demand complete honesty in every situation, even small ones?",21,honesty
Should I compromise my values to fit in with friends or coworkers?,4,community
Is living with hidden inconsistency a moral problem even if it feels fine?,15,sex
Does my faith teach that integrity is more important than success or popularity?,6,control
Is it okay to bend the truth to avoid conflict?,5,lie
Should I feel guilty for not living up to the standards I preach?,1,forgive
Is personal integrity only tested in big moments or in daily choices?,21,honesty
Does religion say integrity builds character or earns divine favor?,6,control
Is it morally required to admit when I’ve been wrong even if it hurts my image?,5,lie
Is it okay to tell a small lie to spare someone's feelings if the truth would cause unnecessary pain?,5,lie
Should I report a coworker's minor ethical lapse if it doesn't directly affect anyone?,22,integrity
Is it wrong to stay silent when I witness something unethical but speaking up could cost me my job?,22,integrity
When does loyalty to a friend conflict with doing the right thing?,23,friend
Is it morally acceptable to exaggerate my qualifications slightly to get a job I know I can do well?,0,happiness
How do I handle it when my personal values conflict with my company's practices?,4,community
Is it wrong to keep a secret that someone confided in me if keeping it might enable harm?,5,lie
When does compromise become a betrayal of my principles?,15,sex
Is it ever okay to lie to protect someone’s feelings?,5,lie
How do I handle the guilt of a mistake I made years ago that I can no longer fix?,1,forgive
Is it a lack of integrity to work for a company whose values I don't personally share?,4,community
Should I feel guilty for being happy when there is so much suffering in the world?,0,happiness
"If I do the right thing for the wrong reasons (like seeking praise), does it still count?",0,happiness
Is it wrong to take credit for a group effort if I did the majority of the work?,0,happiness
"How do I differentiate between ""healthy guilt"" and ""shame"" that holds me back?",1,forgive
Should I confess an old infidelity if it will destroy my current happy marriage?,3,relationship
"Is it dishonest to ""fake it until I make it"" in a professional setting?",5,lie
Can I be a person of integrity if I frequently change my mind on moral issues?,1,forgive
Is it a betrayal of integrity to pretend to agree with my boss to avoid conflict at work?,5,lie
"If I accidentally damaged a parked car and no one saw, am I obligated to leave a note?",5,lie
Is it dishonest to present a confident image professionally when I privately feel insecure and unsure?,5,lie
Should I admit a mistake at work if fixing it quietly means no one would ever need to know it happened?,5,lie
Is it wrong to stay silent when a friend tells a story that I know to be factually incorrect?,5,lie
Can I ethically use company time for minor personal tasks if my work is always completed on time?,0,happiness
Is it a lack of integrity to let someone believe something flattering about me that isn't entirely true?,5,lie
Should I return a favor to someone I don't like simply because it's the right thing to do?,23,friend
Is feeling guilty after a mistake a healthy moral signal or something I should ignore?,1,forgive
Does my religion say guilt is useful for repentance or that it can become toxic?,1,forgive
Should I let guilt control my life after I’ve already apologized?,1,forgive
Is it wrong to feel guilty about things that aren’t actually my fault?,1,forgive
Does faith teach me how to process guilt without self-hatred?,1,forgive
Should I feel guilty for things my parents or society made me feel guilty about?,1,forgive
Is lingering guilt a sign I haven’t truly repented?,1,forgive
Does religion distinguish between healthy guilt and unnecessary shame?,1,forgive
"Should I talk to a religious leader about my guilt, or handle it alone?",1,forgive
Is it morally okay to move on from guilt once I’ve learned the lesson?,1,forgive
Is feeling guilty always a sign I’ve done something wrong?,1,forgive
Is it healthy to feel guilty for prioritizing my own needs over others' expectations?,0,happiness
Should I feel bad for moving away from my aging parents to pursue my career?,17,family
"Is it wrong to feel relieved when a difficult relationship ends, even if it hurts the other person?",3,relationship
When does guilt motivate positive change versus just causing unnecessary suffering?,1,forgive
Should I apologize for something I regret even if the other person doesn't know I did it?,1,forgive
Is it fair to carry guilt for a mistake I made when I was much younger and less mature?,1,forgive
How do I forgive myself for past decisions that I can't undo?,1,forgive
Should I feel guilty for enjoying privileges that others don't have access to?,4,community
Is it morally problematic to feel happy about someone else's misfortune if they wronged me?,1,forgive
When does taking responsibility cross into unhealthy self-blame?,6,control
Is it normal to feel guilty for setting boundaries with people I love?,1,forgive
"Should I trust my guilt as a moral compass, or can it sometimes be misleading?",1,forgive
When does guilt about past decisions prevent me from making good choices now?,1,forgive
Is it okay to feel guilty for things that are out of my control?,1,forgive
Should I act on feelings of guilt even if I'm not sure I actually did something wrong?,1,forgive
Is it morally significant if I feel guilty about something that others say I shouldn't feel bad about?,1,forgive
"Should I share my guilt with the person I hurt, or would that just burden them further?",1,forgive
When does feeling guilty for my privileges become productive versus paralyzing?,0,happiness
Is it wrong to try to reduce my guilt feelings if they're motivating me to do better?,1,forgive
I chose my career over starting a family earlier in life — should I still feel guilty about that now?,17,family
Is it normal to feel guilty for being happy after a loved one passes away?,1,forgive
I wasn't present when a family member needed me most — how do I cope with that guilt?,1,forgive
Should I feel guilty for not visiting an aging parent more often when life keeps getting in the way?,17,family
I got a promotion that a more experienced colleague deserved — should I feel guilty about accepting it?,1,forgive
How do I stop feeling guilty about money I spent on myself when others in my family are struggling?,0,happiness
"Is survivor guilt a rational response, or is it something I need to work through and release?",1,forgive
Should I feel guilty for cutting off communication with a sibling who is a negative presence in my life?,0,happiness
I didn't help someone in a moment when I could have — how do I process that guilt constructively?,1,forgive
Can someone who has done terrible things ever fully redeem themselves?,24,redemption
How can I fix my mistakes?,1,forgive
How do you know you’re making the right decision?,0,happiness
Does my religion offer a path to complete redemption no matter what I’ve done?,24,redemption
How do I know if I’ve done enough to make up for past mistakes?,1,forgive
"Is redemption only possible through faith, or can good deeds alone achieve it?",24,redemption
Should society or my family ever fully trust someone who has redeemed themselves?,1,forgive
Is it wrong to keep punishing myself even after I’ve sought forgiveness?,1,forgive
Does religion teach that redemption changes how God (or others) sees me?,24,redemption
Can I redeem myself in private without telling anyone what I did?,5,lie
Is redemption a one-time event or a lifelong process?,24,redemption
"Should I help others redeem themselves, or is that only between them and God?",24,redemption
Do I need to make amends for every mistake?,1,forgive
Is it ever too late to change?,17,family
Does God/religion expect perfection or growth?,6,control
Should I confess my wrongs even if it causes harm?,5,lie
Is hiding past mistakes dishonest?,5,lie
What does true repentance actually require?,1,forgive
"Can someone truly make up for a serious mistake, or are some actions unforgivable?",1,forgive
Should a person who has changed be judged by their past or their present actions?,1,forgive
"Is it fair to expect someone to ""earn back"" trust after betraying it, and how long should that take?",1,forgive
When does holding someone accountable prevent them from moving forward and growing?,6,control
"Is it possible to redeem yourself in the eyes of someone you deeply hurt, even if they never forgive you?",1,forgive
How do I know if I'm seeking redemption for the right reasons versus just to ease my guilt?,1,forgive
Should a public figure's past mistakes disqualify them from leadership if they've shown genuine change?,21,honesty
Is it wrong to forgive myself for something I did if the person I hurt hasn't forgiven me?,1,forgive
When does the pursuit of redemption become more about self-image than genuine repair?,24,redemption
"Does everyone truly deserve a second chance, regardless of what they did?",24,redemption
Is it possible to forgive someone who hasn't apologized?,1,forgive
Is it wrong to refuse to forgive a parent for childhood trauma?,1,forgive
Can a person ever truly change their fundamental nature?,6,control
"Should society prioritize ""punishment"" or ""rehabilitation"" for those who do wrong?",9,anger
Does forgiving someone mean I have to let them back into my life?,1,forgive
Is it selfish to seek forgiveness just to clear my own conscience?,1,forgive
Can I forgive myself for a mistake that ended a friendship?,1,forgive
"Is there such a thing as an ""unforgivable"" act?",1,forgive
"If I hurt someone badly in the past and they've moved on, do I still owe them an apology?",1,forgive
Is it possible to truly redeem myself for past wrongs if the people I hurt are no longer in my life?,1,forgive
Can doing good works now make up for harmful choices I made earlier in life?,0,happiness
"Should I confess a past wrongdoing to my partner that happened before we met, even if it could hurt them?",5,lie
"Is it possible to rebuild trust with someone after a serious betrayal, or is some damage permanent?",1,forgive
"If I've genuinely changed, do I still have to accept that people from my past may never forgive me?",1,forgive
"Is seeking redemption more about making the other person feel better, or about relieving my own guilt?",24,redemption
Should I make amends with an estranged family member even if the original fault was mostly theirs?,1,forgive
Can someone who caused harm in their youth be fully redeemed in the eyes of society as an adult?,9,anger
Is it hypocritical to pursue a moral or spiritual path after years of choices I now deeply regret?,1,forgive
Will I ever be able to forgive myself for the worst things I’ve done?,1,forgive
"Does my religion say self-forgiveness is required, or is it only God’s job?",1,forgive
Is it morally wrong to keep punishing myself after I’ve asked for forgiveness?,1,forgive
Should I forgive myself even if the people I hurt haven’t forgiven me?,1,forgive
Is holding onto self-guilt a form of pride or false humility?,1,forgive
Does faith teach that self-forgiveness comes after genuine repentance?,1,forgive
"Is it okay to forgive myself quickly, or must I suffer first?",1,forgive
Should I seek therapy or spiritual guidance to learn self-forgiveness?,1,forgive
Is self-forgiveness selfish if others are still hurting?,1,forgive
Does religion say I must forgive myself to move forward in life?,1,forgive
Can I forgive myself if others don’t?,1,forgive
Do I have to forgive someone who hurt me if they haven't apologized or changed?,1,forgive
Is it weak to forgive someone who keeps repeating the same harmful behavior?,1,forgive
Should I forgive myself for a mistake that had serious consequences for others?,1,forgive
When does holding onto anger protect me versus just poisoning my own life?,9,anger
Is it morally required to reconcile with a family member who wronged me for the sake of family unity?,0,happiness
Can I forgive someone but still choose not to have them in my life?,1,forgive
Should I feel pressured to forgive because of my religious or cultural beliefs?,1,forgive
Is it fair to expect forgiveness from someone I hurt just because I've apologized?,1,forgive
How do I forgive someone when what they did feels unforgivable?,1,forgive
When does forgiveness enable further harm rather than promote healing?,1,forgive
Am I obligated to forgive someone who has genuinely apologized but hurt me very deeply?,1,forgive
Should I forgive a family member who repeatedly apologizes but keeps repeating the same hurtful behavior?,1,forgive
Is it wrong to hold a grudge against someone who wronged me years ago and has since become a better person?,1,forgive
Can I forgive someone for my own peace of mind without ever telling them I've forgiven them?,1,forgive
Is it selfish to refuse to forgive someone because they haven't acknowledged the full extent of their harm?,1,forgive
"Should I pressure my child to forgive a classmate who bullied them, even if they're not ready?",1,forgive
"Is withholding forgiveness ever a healthy way to protect myself, or does it only harm me in the end?",1,forgive
Can I truly forgive someone I still don't fully trust?,1,forgive
"Is it fair to expect forgiveness from someone you've hurt badly, even after a sincere apology?",1,forgive
How do I forgive myself for past lack of self-control that hurt people I love?,1,forgive
Is it wrong to fear death if my religion promises an afterlife?,2,afterlife
Does my faith say life is sacred no matter how difficult it becomes?,18,faith
Should I make decisions based on how they affect my eternal soul?,2,afterlife
Is it morally acceptable to want to live as long as possible at any cost?,0,happiness
Does religion teach that the moment of death is predetermined?,26,death
Should I prepare spiritually for death even if I’m young and healthy?,26,death
Is it wrong to focus on this life instead of the next one?,0,happiness
Does my religion say every life has equal value regardless of age or health?,20,suffering
Should I live differently knowing death could come at any time?,26,death
Should someone be allowed to choose assisted suicide if they’re suffering?,2,afterlife
Is it wrong to get an abortion if I’m not ready to be a parent?,16,abortion
Is it ethical to use medical technology to choose the traits of a future child?,16,abortion
Should my family have the final say in my end-of-life care if I can't speak for myself?,4,community
Is it moral to keep a loved one on life support if there is no hope for recovery?,2,afterlife
"Is it selfish to fear death, or is it a natural part of being human?",26,death
"If I don't believe in life after death, does my behavior now matter less?",2,afterlife
"Should organ donation be mandatory to save lives, or is bodily autonomy more important?",2,afterlife
Is it ethical to spend millions on life-extending treatments while others lack basic care?,2,afterlife
How do I find comfort in the face of a terminal diagnosis?,2,afterlife
"Is abortion ever morally justified, and under what circumstances?",16,abortion
Should assisted suicide or euthanasia be legal for the terminally ill?,2,afterlife
Is the death penalty ever morally acceptable?,7,violence
Is abortion ever morally justified according to religious teachings?,16,abortion
Does my faith consider the death penalty acceptable in any case?,7,violence
Is it wrong to get an abortion simply because I’m not ready to parent?,16,abortion
Does religion say all human life is sacred from conception?,20,suffering
Should I support laws protecting unborn life even if it affects my own choices?,16,abortion
Is it morally okay to choose quality of life over length of life?,0,happiness
Does faith require me to protect life at all costs?,18,faith
Is euthanasia ever compatible with religious beliefs?,2,afterlife
Should I pray or reflect on the sanctity of life before major medical decisions?,2,afterlife
Is the death penalty morally acceptable?,7,violence
When does life truly begin or end?,20,suffering
Is it wrong to choose not to have children?,16,abortion
Do we have a duty to preserve life at all costs?,12,environmental
Is risking your life for others morally required or optional?,7,violence
"Is suicide always morally wrong, or are there exceptions?",7,violence
Does suffering have a purpose?,20,suffering
Who decides the value of a human life?,0,happiness
Is it morally acceptable to prioritize quality of life over prolonging life at all costs?,2,afterlife
Should someone be allowed to refuse life-saving treatment based on their personal beliefs?,2,afterlife
When does protecting life conflict with respecting a person's autonomy?,4,community
Is it wrong to bring a child into the world if I know they'll face significant hardships?,31,parents
"Should society allocate limited medical resources based on age, quality of life, or other factors?",2,afterlife
Is it morally different to let someone die versus actively causing death in end-of-life situations?,7,violence
When does the desire to preserve life become an imposition on the person suffering?,20,suffering
Should parents be allowed to make life-or-death medical decisions for a severely ill infant?,2,afterlife
Is it ethical to use extraordinary measures to keep someone alive if they have no hope of recovery?,2,afterlife
How do I balance my belief in the sanctity of life with compassion for someone who wants to end their suffering?,2,afterlife
Is it ethical to keep a loved one on life support when there is no hope of recovery?,2,afterlife
Do we have a moral duty to intervene when we see someone about to harm themselves?,7,violence
Is it ethical to prioritize your own life over others in a dangerous survival situation?,0,happiness
Should quality of life be considered more important than the length of life in medical decisions?,2,afterlife
Is it morally acceptable to refuse a blood transfusion for yourself based on religious beliefs?,2,afterlife
Do people have an inherent right to end their own lives on their own terms?,2,afterlife
Is it wrong to bring a child into the world knowing they will face significant suffering due to a genetic condition?,16,abortion
Should society provide the means for a dignified death to those who are terminally ill and requesting it?,2,afterlife
Is it ethical to keep a person on life support against their previously stated wishes?,2,afterlife
Should parents be allowed to refuse medical treatment for a child on religious grounds?,2,afterlife
Who should have the right to make decisions for someone who is incapacitated?,2,afterlife
"How should we think about the ethics of IVF, including what happens to unused embryos?",16,abortion
Is it ethical to use IVF if it involves discarding unused embryos?,16,abortion
"Should I support ""Death with Dignity"" laws for a terminally ill relative?",2,afterlife
"Is gene editing (CRISPR) ""playing God,"" or is it a moral imperative to cure diseases?",16,abortion
“Would it be wrong to refuse medical treatment for a serious illness?”,2,afterlife
Should life support always be continued if possible?,2,afterlife
Should parents be allowed to deny treatment for their children?,2,afterlife
Is it ethical to use IVF if embryos are discarded?,16,abortion
Who should make decisions for someone unconscious?,2,afterlife
Is organ donation morally required?,2,afterlife
Should medical advancements have moral limits?,2,afterlife
Should doctors be allowed to refuse to provide treatments that conflict with their personal morals?,2,afterlife
"Is it okay to participate in a clinical trial if I might benefit, even if the primary goal is research?",2,afterlife
"When is it ethical to withhold medical information from a patient ""for their own good""?",2,afterlife
Should parents be able to refuse vaccinations for their children based on personal beliefs?,2,afterlife
Is it morally acceptable to prioritize younger patients over older ones when resources are scarce?,2,afterlife
Should mental health treatment be held to the same standards of consent as physical health treatment?,2,afterlife
When does a patient's right to choose conflict with a healthcare provider's duty to do no harm?,2,afterlife
"Is it ethical to use placebo treatments if they might help, even if they're not ""real"" medicine?",2,afterlife
Should genetic information be used to make decisions about insurance or employment?,16,abortion
How do I navigate medical decisions for a loved one who can't communicate their wishes?,2,afterlife
Should doctors be required to provide treatments they personally find morally objectionable?,2,afterlife
Is it ethical to use experimental treatments on a terminally ill patient who has nothing to lose?,2,afterlife
Should parents have the right to refuse proven medical treatment for their child on religious grounds?,2,afterlife
Is it ethical to withhold a terminal diagnosis from a patient at the family's request?,2,afterlife
Should wealthy patients have access to better or faster healthcare simply because they can pay for it?,2,afterlife
"Is it morally wrong to sell a kidney, even if it's your own and it would help someone survive?",11,gambling
Do healthcare workers have a moral obligation to treat patients who have harmed others?,2,afterlife
Should doctors respect a patient's wish to refuse treatment even when it will result in their death?,2,afterlife
Is it ethical for pharmaceutical companies to profit heavily from medications that save lives?,2,afterlife
Should patients be told the full truth about their condition even when that knowledge may cause them serious distress?,2,afterlife
Does my religion’s teaching on the afterlife change how I live every day?,2,afterlife
Is there a moral obligation to prepare my soul for what comes after death?,2,afterlife
Should I worry about judgment in the afterlife for small sins?,2,afterlife
Is it wrong to live only for this life if there is an afterlife?,26,death
Does belief in heaven or hell make me more or less compassionate now?,2,afterlife
Should I fear death less because of what my faith says happens next?,26,death
Is it morally important to talk to my family about my beliefs on the afterlife?,2,afterlife
Does religion say my actions here directly affect my afterlife?,2,afterlife
Should I try to convert others so they can have a good afterlife too?,2,afterlife
Is it okay to doubt the afterlife while still following religious morals?,2,afterlife
Should beliefs about an afterlife influence how I make moral decisions in this life?,2,afterlife
Is it wrong to live for the hope of reward after death rather than for the good of others now?,0,happiness
When does comfort from beliefs about life after death become an escape from addressing present suffering?,26,death
Should I respect funeral or burial wishes that conflict with my own beliefs about death?,2,afterlife
Is it morally significant to live in a way that honors the memory of those who have died?,2,afterlife
When does grief for someone who died cross into unhealthy attachment to the past?,2,afterlife
Should beliefs about judgment after death influence how I treat people I disagree with?,2,afterlife
Is it okay to find meaning in rituals about death even if I'm not sure what I believe about an afterlife?,2,afterlife
When does preparing for death become a distraction from living fully now?,26,death
How do I comfort someone who is afraid of death without imposing my own beliefs?,2,afterlife
Does believing in an afterlife make it easier or harder to make ethical decisions in this life?,2,afterlife
Is it wrong to find comfort in the idea of heaven if it reduces your sense of urgency to act justly now?,26,death
Should fear of consequences after death influence how we live our lives?,26,death
Can someone live a fully moral life without any belief in an afterlife or divine judgment?,2,afterlife
Is it harmful or healthy to tell children that deceased loved ones are 'in a better place'?,2,afterlife
Does the possibility of life after death change how we should value and treat life in the present?,26,death
Is it presumptuous to claim certainty about what happens after we die?,26,death
Should funeral and end-of-life practices respect the beliefs of the deceased over the living family?,2,afterlife
Does the absence of an afterlife belief make life more or less meaningful?,20,suffering
Can someone grieve honestly while also holding sincere beliefs about reunion after death?,2,afterlife
What does it mean to live a “good life”?,0,happiness
"Is a good life measured by happiness, success, or moral character?",0,happiness
Should I pursue pleasure if it conflicts with moral values?,0,happiness
"Is a simple, quiet life more morally valuable than an ambitious one?",0,happiness
Does my faith say a good life includes suffering or only joy?,20,suffering
Should I sacrifice comfort today for a better life later?,0,happiness
Is it wrong to want a good life for myself if others are suffering?,0,happiness
Should I judge my life as “good” based on how much I helped others?,0,happiness
Is living a good life a personal choice or a religious duty?,0,happiness
Is the meaning of life different for everyone or the same according to religion?,20,suffering
Does my faith give me a clear purpose for why I exist?,18,faith
Should I search for meaning even if it makes me unhappy?,0,happiness
Is it wrong to live without a clear sense of purpose?,0,happiness
Does religion say suffering gives life meaning?,20,suffering
Should I create my own meaning or follow what my faith teaches?,18,faith
Is helping others the only real meaning in life?,0,happiness
Does my religion say life has meaning even if I don’t feel it?,20,suffering
Should I change careers or lifestyle to find more meaning?,0,happiness
Is questioning the meaning of life a sign of weak faith or healthy doubt?,18,faith
What is the purpose of life?,0,happiness
Can you live a good life without religion?,20,suffering
"Is happiness the goal of life, or something deeper?",0,happiness
Does suffering make life more meaningful?,20,suffering
Is it wrong to live only for personal happiness?,0,happiness
"Do we create our own meaning, or is it given?",0,happiness
Should faith shape all life decisions?,18,faith
Is doubt a moral or spiritual failure?,18,faith
Can someone be moral without belief in God?,18,faith
"Is it morally important to find a ""purpose"" in life, or is it okay to just enjoy everyday moments?",0,happiness
Should I feel obligated to contribute to something bigger than myself to live a meaningful life?,0,happiness
When does searching for meaning become a source of anxiety rather than fulfillment?,0,happiness
Is it wrong to find meaning in relationships if they might not last forever?,3,relationship
Should I prioritize personal happiness or making a difference in the world when they conflict?,0,happiness
When does helping others find meaning cross into imposing my values on them?,4,community
"Is it morally significant if my sense of meaning comes from faith, even if others don't share it?",18,faith
"Should I feel guilty for not having my life ""figured out"" while others seem to have clear purpose?",0,happiness
When does the pursuit of meaning justify sacrificing short-term happiness or relationships?,0,happiness
How do I find meaning in difficult times when everything feels pointless?,0,happiness
Is it irresponsible to leave a stable job to pursue work that feels more meaningful but pays less?,0,happiness
Can a life dedicated entirely to pleasure and comfort still be considered a good and meaningful life?,0,happiness
"Does the meaning in our lives come from what we do, or from the relationships we invest in?",0,happiness
Is it possible to live a meaningful life when you're struggling with depression or hopelessness?,0,happiness
"Should we live primarily for ourselves, or does true meaning come from serving others?",0,happiness
Is it wrong to feel like your life lacks purpose even when you have many blessings others don't have?,0,happiness
"Does suffering have meaning, or is meaning something we create in spite of it?",20,suffering
Can raising children be considered sufficient as a life's primary source of meaning and purpose?,0,happiness
Is it selfish to spend your life pursuing artistic or creative passions that don't contribute to society materially?,0,happiness
How do you find meaning in life when the things you've worked hardest for haven't turned out as you hoped?,0,happiness
Is it selfish to prioritize my own happiness if it means others might be disappointed?,0,happiness
Should I stay in a stable but unfulfilling situation for the sake of others who depend on me?,0,happiness
When does pursuing happiness become hedonistic or harmful to my long-term well-being?,0,happiness
"Is it morally okay to leave a relationship that's ""good on paper"" but doesn't make me happy?",3,relationship
Should I feel guilty for being happy when others around me are suffering?,0,happiness
When does comparing my happiness to others' become unproductive or envious?,0,happiness
Is it wrong to seek happiness through material things if it doesn't hurt anyone?,0,happiness
"Should I encourage a loved one to pursue what makes them happy, even if I think it's risky?",0,happiness
When does the pressure to be happy become a burden rather than a goal?,0,happiness
How do I balance seeking my own happiness with being present for others' pain?,0,happiness
"Is the ""meaning of life"" something I find or something I create?",0,happiness
"Can I be truly happy if I am not living a ""virtuous"" life?",0,happiness
Is it wrong to prioritize my own happiness over the needs of my community?,0,happiness
"Does life have to have a ""purpose"" to be worth living?",0,happiness
"Is a ""good life"" measured by what I achieve or by how I treat people?",0,happiness
Can money actually buy the kind of security that leads to happiness?,0,happiness
"Should I stay in a job I hate because it provides for my family, or seek fulfillment?",17,family
"Is it possible to find meaning in suffering, or is suffering just a tragedy?",20,suffering
"Is ""contentment"" better than ""ambition"" for a moral life?",0,happiness
"How do I balance living for ""today"" versus planning for ""tomorrow""?",0,happiness
Is it morally acceptable to leave a stable marriage simply because you no longer feel happy?,3,relationship
Should we prioritize our own happiness over the expectations and happiness of our family?,0,happiness
Is choosing personal happiness over social obligation ever truly justified?,0,happiness
Can you be genuinely happy if others around you are suffering?,0,happiness
"Is the pursuit of happiness a fundamental right, or is it a luxury we earn through responsibility?",0,happiness
"Should I stay in a job I hate for financial security, or risk everything to pursue what makes me happy?",0,happiness
"Is happiness something we should actively chase, or something that comes as a byproduct of living well?",0,happiness
Is it shallow to prioritize feeling good over achieving something meaningful or difficult?,0,happiness
Can someone who has caused harm to others ever deserve to be truly happy?,1,forgive
Is it wrong to sacrifice my children's stability to pursue my own happiness through major life changes?,0,happiness
“Is it wrong to use AI to do my homework?”,27,technology
“Is it okay to pirate movies or music?”,27,technology
“How much privacy should I expect online?”,13,privacy
Is downloading free PDFs to learn when you can’t afford books morally wrong?,27,technology
What are your thoughts on the ethics of listening to full audiobooks on platforms like YouTube when they’re available for free but may not be officially uploaded?,27,technology
How much privacy should I expect online?,13,privacy
Is it wrong to consume content that may be illegally uploaded?,27,technology
Does technology make us morally weaker or stronger?,12,environmental
Is it wrong to spread information without verifying it?,5,lie
Should I limit screen time for moral reasons?,0,happiness
Do creators deserve compensation in all cases?,28,rights
Is anonymity online morally dangerous?,13,privacy
Is it wrong to share someone's personal story on social media without their explicit permission?,13,privacy
"Should I limit my child's screen time even if it causes conflict, because I believe it's healthier?",30,mental
When does using technology to stay connected become a substitute for real relationships?,29,preferences
Should I report harmful content online even if it might seem like overreacting or censorship?,13,privacy
When does consuming news become unhealthy obsession versus staying informed?,0,happiness
Is it wrong to curate my social media to show only the best parts of my life?,0,happiness
When does sharing opinions online cross into contributing to harassment or misinformation?,13,privacy
How do I balance the convenience of technology with concerns about privacy and mental health?,13,privacy
Do I have a moral obligation to give to the poor?,0,happiness
Is it wrong to be wealthy while others suffer?,0,happiness
Should I prioritize my family over strangers in need?,4,community
Is tithing or charity required morally or religiously?,0,happiness
Is it wrong to spend money on luxury?,0,happiness
Should I give even when I have little?,0,happiness
Is earning wealth a moral good or risk?,0,happiness
Does intention matter more than amount in giving?,0,happiness
Am I responsible for global poverty?,0,happiness
How much of my income should I give to charity before it starts affecting my own family's well-being?,0,happiness
Is it morally better to volunteer my time or donate money if I can only do one?,0,happiness
Should I feel obligated to help a stranger in need if helping them might enable dependency?,0,happiness
When does generosity become performative rather than genuinely helpful?,0,happiness
"Is it wrong to benefit from a system that creates inequality, even if I didn't design it?",0,happiness
"Should wealthy individuals be expected to give more, or is charity always a personal choice?",0,happiness
When does helping someone cross into controlling their choices or decisions?,6,control
Is it morally acceptable to invest in companies that are profitable but have questionable ethics?,11,gambling
Should I prioritize helping people in my community over those in greater need far away?,4,community
How do I balance providing for my family's future with being generous to others now?,0,happiness
"If I inherit wealth built on questionable ethics, do I have a responsibility to give it away?",0,happiness
Is it wrong to prioritize my own career goals over a partner’s career goals?,0,happiness
Do I have a duty to vote even if I don't feel any candidate represents my values?,4,community
Is it more moral to give to a local homeless person or an international charity?,0,happiness
Should I support businesses that I know pay their workers poorly if it’s all I can afford?,0,happiness
"Is it ""just"" for some people to be born into wealth while others are born into poverty?",0,happiness
Am I obligated to speak out against social injustices I see online?,22,integrity
"Is it wrong to use my ""connections"" to get my child a job over a more qualified stranger?",25,contact
"Does the ""legal"" system always represent what is ""just""?",28,rights
Should I pay more in taxes if it means better services for the poor?,0,happiness
Is it ethical to buy products from countries with poor human rights records?,11,gambling
"How do I handle the tension between wanting to be ""charitable"" and wanting to be ""secure""?",0,happiness
"Should I give money to a homeless person directly, or only donate to organizations I trust?",0,happiness
Is it ethical to accumulate significant personal wealth when others in the world are starving?,0,happiness
"Do I have a responsibility to donate to causes outside my own country, or should I help locally first?",0,happiness
Is it moral to leave a large inheritance to your children rather than donating it to charity?,0,happiness
Should wealthy individuals be morally required to use their resources to solve societal problems?,0,happiness
Is it hypocritical to advocate for giving while living a visibly wealthy lifestyle?,0,happiness
Should I help a friend in financial trouble even if their problems are largely a result of their own choices?,23,friend
Is there a morally appropriate amount of personal wealth to hold before the rest becomes an ethical burden?,0,happiness
Is it okay to distance myself from a community that no longer aligns with my values?,4,community
"Should I conform to group norms to maintain harmony, even if I privately disagree?",4,community
When does loyalty to my community conflict with doing what's right for individuals?,4,community
Is it wrong to feel more connected to an online community than to people in my physical neighborhood?,4,community
"Should I speak up when my community excludes or mistreats someone, even if it risks my standing?",22,integrity
When does seeking belonging become compromising my authentic self?,4,community
Is it morally significant to participate in traditions I don't personally believe in for the sake of community?,4,community
Should I feel obligated to help members of my community even if I disagree with their choices?,4,community
When does protecting my community's reputation become covering up wrongdoing?,4,community
How do I build genuine connections in a world where many interactions feel superficial?,29,preferences
Do I have a moral obligation to know my neighbors and help them?,4,community
Is it wrong to move away from my struggling hometown for a better life elsewhere?,17,family
"Should I feel ""loyal"" to a community or religion if I no longer share their beliefs?",4,community
"Is it okay to prioritize my own ""tribe"" or group over the needs of outsiders?",4,community
Is it wrong to enjoy modern comforts that I know contribute to climate change?,12,environmental
"How do I balance ""fitting in"" with a community versus standing up for my own values?",4,community
"If I witness a minor injustice at work but staying silent protects my promotion, am I morally obligated to speak up?",22,integrity
What do I owe to the generations of people who will live after I am gone?,17,family
"Do I have a moral responsibility to get involved in my local community, or is that a personal choice?",4,community
"Should I speak up when I witness injustice in my neighborhood, even if it puts me at personal risk?",22,integrity
Is it selfish to live in an exclusive community that excludes people based on income or background?,4,community
Do I have an obligation to support local businesses even when cheaper alternatives are available?,0,happiness
Is it wrong to feel like I don't belong in my community and to stop participating in it?,4,community
Should I compromise my values to fit in with a community I want to be part of?,4,community
Is it morally acceptable to isolate myself from community life if I prefer solitude?,4,community
Do we owe loyalty to our community even when its values conflict with our personal beliefs?,4,community
Should people who benefit from a community be required to give back to it in some way?,4,community
Should justice focus on punishment or rehabilitation?,9,anger
Do criminals deserve forgiveness?,9,anger
Is protecting family worth harming others?,25,contact
Where is the line between justice and vengeance?,9,anger
Is it wrong to work for a defense contractor or arms manufacturer?,14,war
Does pacifism hold up as a moral position in the face of genocide?,7,violence
Is pacifism realistic in a violent world?,7,violence
Is revenge ever justified?,9,anger
"Is it ever morally justifiable to go to war, and if so, under what conditions?",14,war
Should I support a war effort if I believe the cause is just but disagree with the methods used?,14,war
When does patriotism become nationalism that harms others?,14,war
Is it wrong to profit from industries that support military conflicts?,14,war
Should citizens be held responsible for their government's decisions to go to war?,14,war
When does protesting a war become disrespectful to those serving or affected by it?,14,war
Is it morally acceptable to refuse military service based on personal conscience?,14,war
Should humanitarian intervention justify violating a country's sovereignty?,14,war
When does remembering past wars honor victims versus perpetuate cycles of conflict?,14,war
How do I process feelings of helplessness about wars happening far away that I can't stop?,14,war
When does my right to free speech conflict with someone else's right to feel safe?,22,integrity
Should individual rights ever be limited for the greater good of society?,28,rights
Is it morally okay to advocate for rights for my group while ignoring the rights of others?,4,community
When does protecting rights become enabling harmful behavior?,28,rights
Should parents' rights to raise their children as they see fit ever be overridden by the child's rights?,31,parents
Is it wrong to claim a right that I'm not willing to extend to others?,4,community
"When does cultural tradition conflict with universal human rights, and which should prevail?",28,rights
Should economic rights (like housing or healthcare) be considered as fundamental as civil liberties?,28,rights
When does asserting my rights become selfish or dismissive of community needs?,4,community
How do I stand up for my rights without escalating conflict or harming relationships?,4,community
Is violence ever morally justified?,7,violence
Is self-defense always acceptable?,7,violence
Is it okay to hit someone in self-defense?”,7,violence
"When, if ever, harming others is morally permissible.",7,violence
"Is self-defense always morally justified, even when lethal?",7,violence
Is it ever morally acceptable to use violence to protect myself or others?,7,violence
"Should I intervene physically if I witness someone being harassed, or could that make things worse?",22,integrity
When does self-defense cross into excessive force or retaliation?,7,violence
"Is it wrong to support systems (like policing or military) that use violence, even if I believe they're necessary?",7,violence
"Should violent media be restricted to protect vulnerable people, or is that censorship?",7,violence
"When does anger justify aggressive words or actions, if ever?",9,anger
Is it morally different to cause harm accidentally versus intentionally?,7,violence
Should someone who committed violence in the past be defined by that act forever?,7,violence
When does avoiding violence become enabling injustice by staying silent?,9,anger
How do I process feelings of anger or desire for revenge without acting on them harmfully?,9,anger
Should civilians have the right to use lethal force to defend their property?,7,violence
Is it wrong to support a war that protects your country even if it causes civilian casualties abroad?,14,war
"Is physically disciplining a child ever justified, or is it always a form of violence?",7,violence
Is it just for society to imprison people for crimes they committed under extreme duress?,9,anger
"Should violent criminals be treated with compassion, or does justice require punishment above all else?",9,anger
Is it moral to take revenge on someone who harmed you if the justice system has failed to act?,9,anger
Should violent offenders who have genuinely reformed still be required to serve their full sentence?,9,anger
Is it wrong to glorify historical figures who used violence to achieve ends we now consider just?,7,violence
Do I have a moral duty to care for the environment?,12,environmental
Is it wrong to waste food or resources?,11,gambling
Should I change my lifestyle to reduce harm to the planet?,12,environmental
Is eating meat morally wrong?,11,gambling
Do animals have rights similar to humans?,28,rights
Is consumerism morally harmful?,11,gambling
Should I live more simply for ethical reasons?,0,happiness
Am I responsible for future generations?,17,family
Is harming nature a moral or spiritual issue?,12,environmental
Do I have a moral obligation to reduce my carbon footprint?”,12,environmental
“How responsible am I for future generations?”,0,happiness
What obligations do we have to future generations regarding climate change?,12,environmental
Do I have a moral obligation to live a minimalist life and reject consumerism?,12,environmental
Is it morally wrong to have children given concerns about overpopulation and climate change?,16,abortion
Should I feel guilty for enjoying conveniences (like driving or flying) that harm the environment?,12,environmental
When does individual action on environmental issues matter versus needing systemic change?,12,environmental
Is it fair to ask developing nations to limit growth for the sake of the global environment?,12,environmental
Should I prioritize buying local or sustainable products even if they're more expensive?,12,environmental
When does environmental concern become judgmental of others' choices or lifestyles?,12,environmental
Is it morally acceptable to benefit from industries that harm the environment if I personally try to reduce my footprint?,12,environmental
Should future generations' rights influence the decisions I make today?,28,rights
When does protecting wildlife or ecosystems conflict with human needs or livelihoods?,12,environmental
How do I stay hopeful and motivated about environmental issues without burning out?,12,environmental
Am I responsible for the environmental impact of products I buy if there are no affordable alternatives?,12,environmental
Is it unethical to eat meat if you don't have to?,11,gambling
Is it wrong to own exotic or wild-caught animals as pets?,11,gambling
"Is eating meat a moral failing, or are animals here for human consumption?",11,gambling
Is it wrong to prioritize my happiness over family expectations?,0,happiness
Should parents impose their beliefs on children?,31,parents
Is it okay to distance myself for mental health?,30,mental
What does honoring family really mean?,4,community
Is forgiveness required within families?,1,forgive
Can family obligations conflict with personal morals?,15,sex
Should I stay in an unhappy marriage for the sake of the family unit?,3,relationship
“Is it wrong to cut off contact with a toxic family member?”,25,contact
“Should I stay in a marriage for the sake of my kids?”,3,relationship
“How much should I sacrifice for my family versus my own happiness?”,0,happiness
Is it ethical to have children if you're not in a stable relationship?,3,relationship
"I don’t know how to leave a toxic relationship, what should I do?",3,relationship
"Is it okay to limit contact with a parent who was emotionally abusive, even if other family members disapprove?",25,contact
Should I feel obligated to care for an aging relative if it significantly impacts my own life and family?,4,community
"When does protecting my children from a relative's harmful behavior become ""alienating"" them?",25,contact
Is it wrong to favor one sibling over another if the relationship dynamics are different?,3,relationship
Should I share family secrets or struggles with outsiders if it might help me get support?,0,happiness
When does loyalty to my family of origin conflict with commitments to my chosen family or partner?,17,family
Is it morally acceptable to cut ties with a family member who refuses to respect my boundaries?,0,happiness
Should I feel guilty for not wanting to continue family traditions that don't align with my values?,17,family
When does helping a family member become enabling unhealthy patterns?,8,addiction
How do I navigate relationships with family members whose political or moral views I strongly disagree with?,0,happiness
"After the breakup, I feel completely unprepared to handle the challenges of parenting alone and need guidance on how to move forward.",3,relationship
"I'm struggling to keep my family afloat — juggling school, parenting, and a tight budget is more than I can handle alone. I desperately need some practical advice to cope.",0,happiness
Is it wrong to refuse financial help to a sibling who has repeatedly mismanaged money you've given them before?,0,happiness
Am I obligated to care for an aging parent who was absent or abusive during my childhood?,4,community
How do I handle a situation where my parents constantly pit siblings against each other?,0,happiness
Is it okay to keep secrets from family members to protect them from painful information?,5,lie
Should adult children be allowed to make major life decisions their parents strongly disagree with?,31,parents
"Is it wrong to cut off contact with a toxic parent, even if it means losing the rest of the family too?",25,contact
Do parents have a right to demand involvement in their grandchildren's upbringing even when asked to step back?,31,parents
How do I set boundaries with family members who see any limit as a rejection of love?,0,happiness
How much should parents impose their own values on their children?,31,parents
Is divorce ever the right choice?,3,relationship
Should couples stay together no matter what?,3,relationship
Is it wrong to marry for practical reasons instead of love?,3,relationship
How important is commitment morally?,15,sex
Is remarriage morally acceptable?,3,relationship
Should religion define marriage roles?,15,sex
Is staying unhappy better than breaking a commitment?,15,sex
Can love justify breaking promises?,15,sex
Is emotional distance a form of betrayal?,3,relationship
What makes a marriage morally strong?,3,relationship
"Is it morally wrong to stay in a marriage ""for the kids"" if the relationship is unhappy but not abusive?",3,relationship
"Should I feel obligated to work on my marriage even if I'm no longer in love, because of vows I made?",3,relationship
When does compromise in marriage become losing myself or tolerating disrespect?,3,relationship
Is it okay to seek emotional support outside my marriage if my partner isn't meeting my needs?,3,relationship
"Should financial decisions in marriage always be made jointly, even if one partner earns significantly more?",3,relationship
When does privacy in a relationship cross into secrecy that harms trust?,13,privacy
"Is it morally acceptable to divorce for reasons other than abuse or infidelity, like growing apart?",3,relationship
"Should I stay friends with my ex-spouse for the sake of co-parenting, even if it's emotionally difficult?",3,relationship
When does supporting my spouse's dreams become enabling choices that hurt our family?,3,relationship
How do I balance my individual growth with the commitments and compromises marriage requires?,3,relationship
Every interaction with my in-laws seems to spark conflict—how do I manage this without hurting my spouse?,3,relationship
How much influence should my parents have over my adult life decisions?,17,family
"Is it okay to love one child more than another, as long as I treat them equally?",3,relationship
Do I have an obligation to care for a parent who was abusive to me?,25,contact
Should I be expected to share all my finances with my spouse?,3,relationship
"After a breakup, I feel completely unprepared to handle parenting alone—where is the line between asking for help and being a burden?",3,relationship
Is it moral to prioritize my marriage over my relationship with my children?,3,relationship
"How much of my ""past"" do I owe it to my spouse to reveal?",5,lie
"Is it wrong to want a divorce simply because I am no longer ""in love""?",3,relationship
"Is it wrong to consider divorce after a single serious betrayal, even if your partner is genuinely remorseful?",3,relationship
How do you maintain your individual identity while fully committing to a life shared with another person?,0,happiness
Is it ethical to hide financial information from your spouse to maintain a sense of personal independence?,13,privacy
"Should couples share all of their passwords and accounts as a sign of trust, or is personal privacy still healthy?",13,privacy
Is it wrong to have a close friendship with someone your spouse feels uncomfortable about?,3,relationship
Can a marriage survive if one partner has fundamentally changed their values or beliefs over time?,3,relationship
Is it morally acceptable to stay married to someone you no longer love but still respect and care for as a person?,3,relationship
Are open relationships or polyamory morally defensible?,3,relationship
"Is ""hookup culture"" or casual sex inherently damaging to the soul or psyche?",15,sex
Is sex before marriage morally wrong?,15,sex
"Is cheating always wrong, even in a broken relationship?",3,relationship
Should I feel guilty about multiple partners?,1,forgive
Is contraception morally wrong?,16,abortion
Is casual sex harmful morally or spiritually?,15,sex
Does intention matter more than action in relationships?,15,sex
Is lust always wrong?,15,sex
Should religion guide sexual decisions?,15,sex
Is physical intimacy a moral responsibility or personal choice?,15,sex
Is it morally okay to be intimate with someone if I'm not sure about long-term compatibility?,3,relationship
Should I feel obligated to be sexually available to my partner if I'm not in the mood?,3,relationship
When does casual dating become hurtful to others or to myself?,29,preferences
Is it wrong to have preferences or deal-breakers in a partner that others might judge as superficial?,29,preferences
"Should I disclose my sexual history to a new partner, and if so, how much detail is necessary?",5,lie
When does jealousy in a relationship become controlling rather than caring?,29,preferences
Is it morally acceptable to end a relationship because of sexual incompatibility?,3,relationship
Should I feel pressured to define a relationship on someone else's timeline if I'm not ready?,3,relationship
When does exploring my sexuality become disrespectful to my partner or my values?,29,preferences
How do I navigate physical intimacy in a way that honors both my desires and my boundaries?,3,relationship
"Is it ""cheating"" to have a deep emotional connection with someone else if nothing physical happens?",3,relationship
"Is it always wrong to tell a ""white lie"" to keep the peace in a relationship?",5,lie
How do I learn to trust someone again after they have deeply betrayed me?,1,forgive
Is it ethical to use dating apps if I'm only looking for something temporary?,13,privacy
Should I tell a friend if I know their partner is being unfaithful?,5,lie
"Can a relationship truly be ""equal"" if one person earns all the money?",3,relationship
Is it wrong to have sexual preferences that my partner doesn't share?,29,preferences
"How do I forgive myself for a past relationship where I was the ""bad guy""?",1,forgive
"Is honesty always the ""best policy,"" or is it sometimes a weapon?",21,honesty
"Is it moral to keep a ""backup plan"" or ""escape fund"" in a committed relationship?",15,sex
Is it wrong to stay in a relationship where the emotional connection is strong but the physical relationship is unfulfilling?,3,relationship
"Is it a betrayal to develop strong emotional intimacy with someone outside your relationship, even without physical involvement?",3,relationship
How do partners navigate very different needs for intimacy without one feeling pressured and the other feeling rejected?,3,relationship
Is it ethical to enter a new romantic relationship without disclosing that you are still legally married?,3,relationship
Should I disclose a past STI to a new partner even if I was treated and am no longer contagious?,5,lie
Is it wrong to end a long-term relationship primarily because your physical needs are no longer compatible?,3,relationship
"Can an open relationship ever be truly equal, or does it always favor one partner over the other?",3,relationship
Is it morally acceptable to remain in a relationship for companionship when you know you are no longer romantically in love?,3,relationship
How do I handle a situation where my partner and I have very different views on the role of physical intimacy in our relationship?,3,relationship
Should I tell the truth even if it hurts?,5,lie
Is keeping secrets dishonest?,5,lie
Does intention justify dishonesty?,21,honesty
Is brutal honesty better than kindness?,21,honesty
When does silence become lying?,5,lie
Is honesty always the best moral choice?,21,honesty
Should I confess things no one would know otherwise?,5,lie
Is deception ever morally necessary?,21,honesty
"Is it ever okay to lie to protect someone's feelings, and if so, when does it cross a line?",5,lie
Should I tell a friend their partner is cheating if I'm not sure and it might destroy their relationship?,5,lie
When does tactful honesty become cowardly avoidance of difficult conversations?,21,honesty
Is it morally wrong to omit information if I'm not technically lying?,5,lie
Should I admit to a small mistake at work if no one noticed and fixing it quietly is possible?,5,lie
"When does being ""brutally honest"" become an excuse for being unkind?",21,honesty
Is it okay to keep a secret that someone confided in me if revealing it might prevent harm?,5,lie
Should I correct someone who compliments me based on a misunderstanding about me?,5,lie
When does privacy justify not sharing the full truth with a loved one?,13,privacy
"How do I rebuild trust after I've been dishonest, even about something small?",1,forgive
"Is it morally required to forgive someone who has wronged you, even if they haven't apologized?",1,forgive
Is revenge ever morally justified?,9,anger
Is it morally required to forgive others?,1,forgive
Can you forgive without reconciliation?,1,forgive
Is it wrong to hold onto anger?,9,anger
Does forgiveness depend on apology?,1,forgive
Is forgiving someone letting them off the hook?,1,forgive
Can some actions be unforgivable?,1,forgive
Does religion require unconditional forgiveness?,1,forgive
Is forgiving yourself harder than forgiving others?,1,forgive
How do you forgive someone who hurt you deeply?,1,forgive
Do I owe forgiveness to someone who hurt me if they've genuinely apologized and changed?,1,forgive
Is it weak to forgive someone who hasn't shown remorse or made amends?,1,forgive
"Should I reconcile with a friend who betrayed me if they ask, even if I'm not sure I trust them again?",1,forgive
When does holding a grudge protect me versus just keeping me stuck in pain?,1,forgive
"Is it fair to expect someone to ""get over"" a hurt quickly just because I've apologized?",1,forgive
"Should I forgive a family member for the sake of family gatherings, even if I'm not ready?",1,forgive
When does forgiving someone enable them to continue harmful behavior?,1,forgive
Is it morally required to forgive someone who hurt me if my faith tradition emphasizes forgiveness?,1,forgive
Should I forgive myself for hurting someone else even if they haven't forgiven me?,1,forgive
"How do I forgive someone when what they did feels unforgivable, but I want to move forward?",1,forgive
